date,value
1969-05-01,4.38
1969-06-01,5.5
1969-07-01,5.78
1969-08-01,6.5
1969-09-01,6.94
1969-10-01,7.42
1969-11-01,7.69
1969-12-01,8.83
1970-01-01,9.29
1970-02-01,9.51
1970-03-01,9.81
1970-04-01,9.86
1970-05-01,9.93
1970-06-01,9.88
1970-07-01,9.590000000000002
1970-08-01,9.16
1970-09-01,9.36
1970-10-01,9.53
1970-11-01,8.84
1970-12-01,8.12
1971-01-01,7.5
1971-02-01,7.47
1971-03-01,7.46
1971-04-01,6.36
1971-05-01,6.16
1971-06-01,6.8
1971-07-01,7.66
1971-08-01,7.559999999999999
1971-09-01,7.59
1971-10-01,7.8
1971-11-01,6.79
1971-12-01,6.63
1972-01-01,5.19
1972-02-01,4.88
1972-03-01,4.8
1972-04-01,4.78
1972-05-01,4.71
1972-06-01,4.65
1972-07-01,4.65
1972-08-01,4.8
1972-09-01,5.32
1972-10-01,6.88
1972-11-01,8.07
1972-12-01,8.599999999999998
1973-01-01,7.889999999999999
1973-02-01,7.96
1973-03-01,8.769999999999998
1973-04-01,10.62
1973-05-01,12.42
1973-06-01,13.62
1973-07-01,14.3
1973-08-01,14.57
1973-09-01,14.25
1973-10-01,14.49
1973-11-01,13.62
1973-12-01,13.2
1974-01-01,12.09
1974-02-01,10.67
1974-03-01,11.2
1974-04-01,10.07
1974-05-01,9.1
1974-06-01,9.46
1974-07-01,9.48
1974-08-01,9.65
1974-09-01,9.69
1974-10-01,9.78
1974-11-01,9.04
1974-12-01,8.599999999999998
1975-01-01,7.74
1975-02-01,6.43
1975-03-01,5.71
1975-04-01,4.89
1975-05-01,4.99
1975-06-01,4.88
1975-07-01,5.4
1975-08-01,5.4
1975-09-01,5.4
1975-10-01,5.4
1975-11-01,5.4
1975-12-01,5.4
1976-01-01,5.4
1976-02-01,5.4
1976-03-01,5.24
1976-04-01,4.85
1976-05-01,4.85
1976-06-01,4.85
1976-07-01,5.37
1976-08-01,5.37
1976-09-01,5.37
1976-10-01,5.37
1976-11-01,5.25
1976-12-01,4.93
1977-01-01,4.93
1977-02-01,4.89
1977-03-01,4.78
1977-04-01,4.49
1977-05-01,4.44
1977-06-01,4.44
1977-07-01,4.17
1977-08-01,4.16
1977-09-01,4.0
1977-10-01,4.0
1977-11-01,4.0
1977-12-01,4.0
1978-01-01,3.73
1978-02-01,3.68
1978-03-01,3.64
1978-04-01,3.57
1978-05-01,3.57
1978-06-01,3.57
1978-07-01,3.57
1978-08-01,3.57
1978-09-01,4.23
1978-10-01,4.0
1978-11-01,4.0
1978-12-01,4.0
1979-01-01,4.04
1979-02-01,4.22
1979-03-01,4.22
1979-04-01,4.75
1979-05-01,4.77
1979-06-01,5.49
1979-07-01,5.49
1979-08-01,5.91
1979-09-01,5.99
1979-10-01,5.99
1979-11-01,6.95
1979-12-01,7.94
1980-01-01,7.87
1980-02-01,7.87
1980-03-01,8.17
1980-04-01,8.4
1980-05-01,8.4
1980-06-01,8.35
1980-07-01,8.09
1980-08-01,7.41
1980-09-01,7.41
1980-10-01,7.41
1980-11-01,7.41
1980-12-01,7.41
1981-01-01,8.48
1981-02-01,8.89
1981-03-01,9.94
1981-04-01,9.85
1981-05-01,10.6
1981-06-01,11.11
1981-07-01,11.2
1981-08-01,12.05
1981-09-01,12.05
1981-10-01,10.37
1981-11-01,10.27
1981-12-01,9.63
1982-01-01,9.8
1982-02-01,9.59
1982-03-01,9.3
1982-04-01,8.64
1982-05-01,8.46
1982-06-01,8.49
1982-07-01,8.84
1982-08-01,8.54
1982-09-01,7.819
1982-10-01,7.31
1982-11-01,6.719
1982-12-01,6.27
1983-01-01,5.64
1983-02-01,5.54
1983-03-01,5.14
1983-04-01,4.93
1983-05-01,5.12
1983-06-01,5.65
1983-07-01,5.71
1983-08-01,5.82
1983-09-01,6.1
1983-10-01,5.9
1983-11-01,5.83
1983-12-01,6.12
1984-01-01,5.99
1984-02-01,5.81
1984-03-01,5.58
1984-04-01,5.65
1984-05-01,5.71
1984-06-01,5.82
1984-07-01,5.82
1984-08-01,5.82
1984-09-01,5.63
1984-10-01,5.49
1984-11-01,5.37
1984-12-01,5.27
1985-01-01,5.25
1985-02-01,5.67
1985-03-01,6.04
1985-04-01,5.92
1985-05-01,5.67
1985-06-01,5.28
1985-07-01,5.08
1985-08-01,4.46
1985-09-01,4.05
1985-10-01,4.05
1985-11-01,4.55
1985-12-01,4.46
1986-01-01,4.2
1986-02-01,4.12
1986-03-01,3.9
1986-04-01,3.61
1986-05-01,3.5
1986-06-01,3.88
1986-07-01,3.9
1986-08-01,3.83
1986-09-01,3.8
1986-10-01,3.82
1986-11-01,3.9
1986-12-01,3.9
1987-01-01,3.87
1987-02-01,3.47
1987-03-01,3.37
1987-04-01,3.05
1987-05-01,2.97
1987-06-01,2.95
1987-07-01,2.95
1987-08-01,3.23
1987-09-01,3.35
1987-10-01,3.77
1987-11-01,3.28
1987-12-01,3.15
1988-01-01,3.15
1988-02-01,3.15
1988-03-01,3.15
1988-04-01,3.15
1988-05-01,3.15
1988-06-01,3.15
1988-07-01,3.15
1988-08-01,4.33
1988-09-01,4.41
1988-10-01,4.26
1988-11-01,4.2
1988-12-01,4.2
1989-01-01,4.42
1989-02-01,5.49
1989-03-01,6.0
1989-04-01,6.0
1989-05-01,6.18
1989-06-01,6.5
1989-07-01,6.49
1989-08-01,6.41
1989-09-01,6.57
1989-10-01,6.9
1989-11-01,7.2
1989-12-01,7.25
1990-01-01,7.25
1990-02-01,8.0
1990-03-01,8.0
1990-04-01,8.25
1990-05-01,8.25
1990-06-01,8.25
1990-07-01,8.25
1990-08-01,8.25
1990-09-01,8.25
1990-10-01,8.25
1990-11-01,8.25
1990-12-01,8.25
1991-01-01,8.25
1991-02-01,8.25
1991-03-01,8.25
1991-04-01,8.25
1991-05-01,8.25
1991-06-01,8.25
1991-07-01,8.25
1991-08-01,8.25
1991-09-01,8.25
1991-10-01,8.25
1991-11-01,8.25
1991-12-01,8.5
1992-01-01,8.5
1992-02-01,8.5
1992-03-01,8.5
1992-04-01,8.5
1992-05-01,8.5
1992-06-01,8.5
1992-07-01,8.75
1992-08-01,8.75
1992-09-01,8.6
1992-10-01,7.7
1992-11-01,7.5
1992-12-01,7.5
1993-01-01,7.35
1993-02-01,7.0
1993-03-01,6.6
1993-04-01,6.6
1993-05-01,6.6
1993-06-01,6.45
1993-07-01,6.3
1993-08-01,5.85
1993-09-01,5.7
1993-10-01,5.7
1993-11-01,5.4
1993-12-01,5.1
1994-01-01,5.1
1994-02-01,5.1
1994-03-01,5.1
1994-04-01,5.1
1994-05-01,4.8
1994-06-01,4.95
1994-07-01,4.85
1994-08-01,5.0
1994-09-01,5.1
1994-10-01,5.1
1994-11-01,5.2
1994-12-01,5.2
1995-01-01,5.2
1995-02-01,5.2
1995-03-01,4.85
1995-04-01,4.65
1995-05-01,4.3
1995-06-01,4.35
1995-07-01,4.35
1995-08-01,4.35
1995-09-01,4.1
1995-10-01,3.9
1995-11-01,3.8
1995-12-01,3.8
1996-01-01,3.4
1996-02-01,3.4
1996-03-01,3.4
1996-04-01,3.4
1996-05-01,3.3
1996-06-01,3.55
1996-07-01,3.46
1996-08-01,3.2
1996-09-01,3.2
1996-10-01,3.1
1996-11-01,3.1
1996-12-01,3.1
1997-01-01,3.05
1997-02-01,3.05
1997-03-01,3.25
1997-04-01,3.25
1997-05-01,3.2
1997-06-01,3.2
1997-07-01,3.2
1997-08-01,3.2
1997-09-01,3.2
1997-10-01,3.75
1997-11-01,3.75
1997-12-01,3.75
1998-01-01,3.57
1998-02-01,3.5
1998-03-01,3.5
1998-04-01,3.7
1998-05-01,3.7
1998-06-01,3.63
1998-07-01,3.63
1998-08-01,3.2
1998-09-01,3.2
1998-10-01,3.2
1998-11-01,3.2
1998-12-01,3.0
1999-01-01,2.7
1999-02-01,2.7
1999-03-01,2.7
1999-04-01,2.5
1999-05-01,2.5
1999-06-01,2.65
1999-07-01,2.65
1999-08-01,2.9
1999-09-01,3.0
1999-10-01,3.47
1999-11-01,3.4
1999-12-01,3.4
2000-01-01,3.65
2000-02-01,3.65
2000-03-01,3.65
2000-04-01,4.14
2000-05-01,4.4
2000-06-01,4.4
2000-07-01,4.72
2000-08-01,4.72
2000-09-01,4.77
2000-10-01,4.77
2000-11-01,4.7
2000-12-01,4.25
2001-01-01,4.2
2001-02-01,4.2
2001-03-01,3.95
2001-04-01,3.95
2001-05-01,3.99
2001-06-01,3.9
2001-07-01,3.85
2001-08-01,3.57
2001-09-01,3.35
2001-10-01,2.9
2001-11-01,3.05
2001-12-01,3.0
2002-01-01,3.3
2002-02-01,3.2
2002-03-01,3.5
2002-04-01,3.25
2002-05-01,3.4
2002-06-01,3.2
2002-07-01,2.8
2002-08-01,2.9
2002-09-01,2.6
2002-10-01,2.6
2002-11-01,2.65
2002-12-01,2.25
2003-01-01,2.15
2003-02-01,2.0
2003-03-01,2.05
2003-04-01,2.1
2003-05-01,1.7
2003-06-01,1.65
2003-07-01,1.8
2003-08-01,2.1
2003-09-01,1.9
2003-10-01,2.1
2003-11-01,2.15
2003-12-01,2.0
2004-01-01,1.95
2004-02-01,1.85
2004-03-01,1.75
2004-04-01,1.95
2004-05-01,2.0
2004-06-01,2.15
2004-07-01,2.1
2004-08-01,2.05
2004-09-01,2.1
2004-10-01,2.0
2004-11-01,2.05
2004-12-01,2.1
2005-01-01,2.05
2005-02-01,2.05
2005-03-01,2.05
2005-04-01,1.9
2005-05-01,1.9
2005-06-01,1.7
2005-07-01,1.9
2005-08-01,1.9
2005-09-01,1.9
2005-10-01,2.2
2005-11-01,2.35
2005-12-01,2.45
2006-01-01,2.55
2006-02-01,2.6
2006-03-01,2.85
2006-04-01,2.95
2006-05-01,3.0
2006-06-01,3.15
2006-07-01,3.2
2006-08-01,3.25
2006-09-01,3.3
2006-10-01,3.35
2006-11-01,3.35
2006-12-01,3.45
2007-01-01,3.6
2007-02-01,3.55
2007-03-01,3.7
2007-04-01,3.8
2007-05-01,3.95
2007-06-01,4.0
2007-07-01,4.0
2007-08-01,3.75
2007-09-01,3.8706890276582193
2007-10-01,3.810918572553519
2007-11-01,3.87375801359342
2007-12-01,3.8750142728994974
2008-01-01,3.785260513842138
2008-02-01,3.822984195266913
2008-03-01,3.837004790487892
2008-04-01,3.8740315894656216
2008-05-01,3.881142662133316
2008-06-01,3.8948235862133616
2008-07-01,4.228399707777171
2008-08-01,4.207875607623967
2008-09-01,4.260089934483433
2008-10-01,3.7505187223247054
2008-11-01,2.568453311350664
2008-12-01,2.028222213852083
2009-01-01,1.682445829930244
2009-02-01,1.1766574748951957
2009-03-01,0.8921561578363004
2009-04-01,0.7408949695613027
2009-05-01,0.7461703158821902
2009-06-01,0.7951308484847278
2009-07-01,0.6423887028404913
2009-08-01,0.4806916315958796
2009-09-01,0.4147834397011182
2009-10-01,0.419184966870567
2009-11-01,0.483063122298374
2009-12-01,0.430889167602246
2010-01-01,0.3763882204836768
2010-02-01,0.2933879369239753
2010-03-01,0.2993046518487184
2010-04-01,0.3536793634787972
2010-05-01,0.3231953826138155
2010-06-01,0.2123554517257077
2010-07-01,0.3939761862930659
2010-08-01,0.4487740876665451
2010-09-01,0.4112394731661565
2010-10-01,0.6196440056148402
2010-11-01,0.7483297813540618
2010-12-01,0.6351083049627957
2011-01-01,0.4862196601314644
2011-02-01,0.6303160284053054
2011-03-01,0.6953479106672277
2011-04-01,0.8677944814827944
2011-05-01,1.0404937533444014
2011-06-01,1.0408369814089804
2011-07-01,1.2333108967405964
2011-08-01,1.0157393178117635
2011-09-01,0.595946183694182
2011-10-01,0.2894051528436877
2011-11-01,0.3853284091395292
2011-12-01,0.1430483216118689
2012-01-01,0.0097208312676724
2012-02-01,0.1257210925203916
2012-03-01,0.0856328987675059
2012-04-01,0.0972898574752803
2012-05-01,0.0397028170763019
2012-06-01,0.0718754477546903
2012-07-01,0.0607993554203877
2012-08-01,0.0147139901682054
2012-09-01,0.0431647908616203
2012-10-01,0.0150536511632755
2012-11-01,0.0184500996287478
2012-12-01,0.0319878187585964
2013-01-01,0.0392512555051766
2013-02-01,0.0593353321912878
2013-03-01,0.025405242867786
2013-04-01,0.0334010496987729
2013-05-01,0.0282124044132145
2013-06-01,0.0273138422324938
2013-07-01,0.0222437460351683
2013-08-01,0.0136046138495702
2013-09-01,0.0192308018972139
2013-10-01,0.0141386049908359
2013-11-01,0.0601220686910387
2013-12-01,0.0821938994566717
2014-01-01,0.0994071539087783
2014-02-01,0.1087578108111466
2014-03-01,0.1391442516693123
2014-04-01,0.163578180278496
2014-05-01,0.1325651816357219
2014-06-01,0.0921737608948234
2014-07-01,0.0519872454285049
2014-08-01,0.0289867060834077
2014-09-01,-0.0011010131452781
2014-10-01,-0.0288165079995617
2014-11-01,-0.0221103312282192
2014-12-01,-0.0145542241926954
2015-01-01,-0.0227505012788733
2015-02-01,-0.1669349646196816
2015-03-01,-0.1875426678781826
2015-04-01,-0.2523858390263489
2015-05-01,-0.3014365508737151
2015-06-01,-0.266233324841597
2015-07-01,-0.2582279463544358
2015-08-01,-0.2542445890868793
2015-09-01,-0.2737633861362565
2015-10-01,-0.3311816867370831
2015-11-01,-0.3363645181585799
2015-12-01,-0.4344444642291558
2016-01-01,-0.4679272353512196
2016-02-01,-0.4503115989214969
2016-03-01,-0.5149836411370536
2016-04-01,-0.4949418486192307
2016-05-01,-0.5366794654022923
2016-06-01,-0.5678917715614281
2016-07-01,-0.6657302956638143
2016-08-01,-0.6434287880011975
2016-09-01,-0.6520935386017482
2016-10-01,-0.755647156159418
2016-11-01,-0.7500131076146042
2016-12-01,-0.8049713658188081
2017-01-01,-0.7912139070628067
2017-02-01,-0.7108169260586447
2017-03-01,-0.8615910505298803
2017-04-01,-0.7493730241856121
2017-05-01,-0.7870616780299716
2017-06-01,-0.7424529355768901
2017-07-01,-0.6870060266807507
2017-08-01,-0.6531584163334709
2017-09-01,-0.7395824219156548
2017-10-01,-0.761066244726917
2017-11-01,-0.7668613283004191
2017-12-01,-0.7987623674930007
2018-01-01,-0.7459982969209855
2018-02-01,-0.6286379925167314
2018-03-01,-0.6490984840919083
2018-04-01,-0.6600354977057237
2018-05-01,-0.6463811012944001
2018-06-01,-0.5966569141474845
2018-07-01,-0.6275542229747881
2018-08-01,-0.6494832682137144
2018-09-01,-0.6151915193975359
2018-10-01,-0.6238332854209467
2018-11-01,-0.7329652025860653
2018-12-01,-0.6727763166349936
2019-01-01,-0.6269934673196026
2019-02-01,-0.5704970906703353
2019-03-01,-0.5693659649310063
2019-04-01,-0.570888313677223
2019-05-01,-0.5752583043059287
2019-06-01,-0.5753301984192667
2019-07-01,-0.6034157990721255
2019-08-01,-0.667922662603833
2019-09-01,-0.8017836910206165
2019-10-01,-0.6984737983914542
2019-11-01,-0.6473521309503795
2019-12-01,-0.6174382885009599
2020-01-01,-0.6233237974050967
2020-02-01,-0.6095428845156943
2020-03-01,-0.6706133278022882
2020-04-01,-0.6470680846842755
2020-05-01,-0.5347693300944223
2020-06-01,-0.5809920042883387
2020-07-01,-0.5768730547796792
2020-08-01,-0.5860291180864512
2020-09-01,-0.581770377022312
2020-10-01,-0.6249423082997788
2020-11-01,-0.7171045510566658
2020-12-01,-0.7131951691262772
2021-01-01,-0.6242774492309118
2021-02-01,-0.6248389054453783
2021-03-01,-0.6110939412084544
2021-04-01,-0.6289034005186791
2021-05-01,-0.6252619402880621
2021-06-01,-0.6338721442108898
2021-07-01,-0.6511222389097044
2021-08-01,-0.6525476192370167
2021-09-01,-0.6694149873723012
2021-10-01,-0.7098625728375176
2021-11-01,-0.7399580036902624
2021-12-01,-0.9057072560743508
2022-01-01,-0.6872413100099913
2022-02-01,-0.7021068481209277
2022-03-01,-0.7126988924240502
2022-04-01,-0.7158207645120638
2022-05-01,-0.5643653517672427
2022-06-01,-0.3356437758174573
2022-07-01,-0.3789287072409302
2022-08-01,0.0852007759287816
2022-09-01,-0.1402615172167367
2022-10-01,0.7094736147846503
2022-11-01,1.0583689071675253
2022-12-01,1.4542875067868988
2023-01-01,1.80851417849154
2023-02-01,2.2802467103063657
2023-03-01,2.6829105663061235
2023-04-01,2.750815040853088
2023-05-01,2.8894050387875634
2023-06-01,3.0907345674
2023-07-01,3.3896751642
2023-08-01,3.4839281185
2023-09-01,3.3838210437
2023-10-01,3.7204038851
2023-11-01,3.8103822799
2023-12-01,3.7441360063
